FunctionCode,Address,Type,Size,ParamName,Scale,Description,ModelSim
4,0,u16,16,svg1,1,运行状态(0:停机;1:运行;2:闭锁),model=4|arg1=svg.RunState
4,1,float,32,svg2,1,AB线电压(V),model=4|arg1=svg.LineVoltageAbV
4,3,float,32,svg3,1,BC线电压(V),model=4|arg1=svg.LineVoltageBcV
4,5,float,32,svg4,1,CA线电压(V),model=4|arg1=svg.LineVoltageCaV
4,7,float,32,svg5,1,A相电流(A),model=4|arg1=svg.PhaseACurrentA
4,9,float,32,svg6,1,B相电流(A),model=4|arg1=svg.PhaseBCurrentA
4,11,float,32,svg7,1,C相电流(A),model=4|arg1=svg.PhaseCCurrentA
4,13,float,32,svg8,1,总无功功率(kvar),model=4|arg1=svg.ReactivePowerKvar
4,15,float,32,svg9,1,功率因数,model=4|arg1=svg.PowerFactor
4,17,float,32,svg10,1,频率(Hz),model=4|arg1=svg.FrequencyHz
4,19,float,32,svg11,1,额定容量(kvar),model=4|arg1=svg.RatedCapacityKvar
4,21,float,32,svg12,1,当前可用无功上限(kvar),model=4|arg1=svg.AvailableReactiveUpperKvar
6,23,u16,16,svg13,1,开关机设置值(1:开机;0:关机),model=4|arg1=svg.RunCommand
6,24,float,32,svg14,1,无功设置值(kvar;正:容性发出;负:感性吸收),model=4|arg1=svg.ReactiveSetpointKvar
